{"cameraMode":{"drawMode":0,"name":"Shaded","section":"Shading Mode"},"sceneLighting":true,"audioPlay":false,"sceneViewState":{"showFog":true,"showMaterialUpdate":false,"showSkybox":true,"showFlares":true,"showImageEffects":true,"showParticleSystems":true},"in2DMode":false,"pivot":{"x":13.564800262451172,"y":-3.7167160511016847,"z":-1.9092732667922974},"rotation":{"x":0.14630535244941712,"y":0.6315870881080627,"z":-0.1229800432920456,"w":0.7513777017593384},"size":10.0,"orthographic":false}