{"cameraMode":{"drawMode":0,"name":"Shaded","section":"Shading Mode"},"sceneLighting":false,"audioPlay":false,"sceneViewState":{"showFog":true,"showMaterialUpdate":false,"showSkybox":true,"showFlares":true,"showImageEffects":true,"showParticleSystems":true},"in2DMode":false,"pivot":{"x":-12.266228675842286,"y":-22.10177993774414,"z":8.74224853515625},"rotation":{"x":0.28882282972335818,"y":-0.6751100420951843,"z":0.32811370491981509,"w":0.5942652821540833},"size":9.56539249420166,"orthographic":true}