{"cameraMode":{"drawMode":0,"name":"Shaded","section":"Shading Mode"},"sceneLighting":true,"audioPlay":false,"sceneViewState":{"showFog":true,"showMaterialUpdate":false,"showSkybox":true,"showFlares":true,"showImageEffects":true,"showParticleSystems":true},"in2DMode":false,"pivot":{"x":10.922030448913575,"y":3.001243829727173,"z":-0.2286660075187683},"rotation":{"x":-0.0885922759771347,"y":-0.49495089054107668,"z":0.05081692710518837,"w":-0.8629021048545837},"size":10.0,"orthographic":false}