{"cameraMode":{"drawMode":0,"name":"Shaded","section":"Shading Mode"},"sceneLighting":true,"audioPlay":false,"sceneViewState":{"showFog":true,"showMaterialUpdate":false,"showSkybox":false,"showFlares":true,"showImageEffects":true,"showParticleSystems":true},"in2DMode":false,"pivot":{"x":7.501130104064941,"y":9.820937156677246,"z":8.383505821228028},"rotation":{"x":-0.2300720363855362,"y":0.6558260321617127,"z":-0.22047701478004456,"w":-0.684378445148468},"size":3.9073946475982668,"orthographic":false}